Residue,Favorable,Unfavorable,HydrogenBond,Charge,Hydrophobic,Halogen,Other
A:LYS6,4,0,4,0,0,0,0
A:ARG55,28,2,26,12,0,0,0
A:LEU58,4,0,0,0,4,0,0
A:LEU61,123,0,0,0,123,0,0
A:ILE62,4,0,0,0,4,0,0
A:GLY64,2,0,2,0,0,0,0
A:SER65,77,0,77,0,0,0,0
A:TRP66,7,0,2,0,5,0,0
A:SER69,32,0,31,0,0,0,1
A:VAL70,3,0,0,0,3,0,0
A:PRO73,38,2,25,0,13,0,0
A:ALA74,4,0,3,0,1,0,0
A:PHE76,436,3,281,6,164,0,0
A:ALA77,439,0,352,0,132,0,0
A:THR78,11,0,6,0,5,0,0
A:GLU79,307,39,298,15,0,0,0
A:PHE82,529,0,55,46,444,0,0
A:ARG83,28,1,2,4,23,0,0
A:LEU85,228,0,7,0,222,0,0
A:THR86,104,7,104,0,0,0,0
A:TRP89,300,3,98,16,243,0,5
A:THR90,59,7,59,0,1,0,0
A:ASN93,44,3,33,0,12,0,0
A:HIS94,166,0,98,5,72,0,0
A:SER96,2,0,2,0,0,0,0
A:VAL97,69,0,0,0,69,0,0
A:TRP98,238,1,163,1,74,0,0
A:PHE140,9,0,0,0,9,0,0
A:LEU141,2,0,0,0,2,0,0
A:ASN144,154,10,154,0,0,0,0
A:ILE148,3,0,0,0,3,0,0
A:ILE150,1,0,0,0,1,0,0
A:HIS151,133,0,65,0,70,0,0
A:ILE152,257,0,14,0,243,0,0
A:ALA154,144,0,26,0,126,0,0
A:SER155,675,31,670,0,6,0,0
A:ILE156,413,0,82,0,361,0,0
A:GLY158,131,1,110,0,30,0,0
A:TYR159,800,14,235,47,687,0,7
A:ARG160,3,0,0,0,3,0,0
A:ARG161,4,0,0,1,3,0,0
A:ASN162,132,8,132,0,0,0,0
A:LYS163,23,0,9,22,0,0,0
A:SER167,18,0,18,0,0,0,0
A:ASP168,383,104,374,4,7,0,0
A:SER169,41,0,41,0,0,0,0
A:ASN171,208,2,185,0,46,0,0
A:PHE172,736,0,90,17,684,0,3
A:THR173,20,1,20,0,0,0,0
A:ARG174,182,4,146,80,28,0,0
A:PHE175,465,0,32,42,422,0,0
A:SER176,24,0,24,0,0,0,1
A:SER177,6,0,6,0,0,0,0
A:LEU178,126,0,0,0,126,0,0
A:ILE179,50,0,14,0,36,0,0
A:VAL180,122,0,58,0,74,0,0
A:LEU181,3,0,0,0,3,0,0
A:SER183,134,2,134,0,0,0,0
A:THR184,5,1,5,0,0,0,0
A:PHE186,44,2,20,0,24,0,0
A:ILE187,129,0,11,0,119,0,0
A:PHE188,3,0,0,1,3,0,0
A:ILE189,6,0,0,0,6,0,0
A:PRO190,44,0,1,0,43,0,0
A:PHE191,7,0,0,0,7,0,0
A:TYR240,29,0,9,0,22,0,0
A:PHE243,8,0,6,0,2,0,0
A:SER244,26,1,26,0,0,0,0
A:PHE247,70,0,1,3,68,0,0
A:PHE248,17,0,0,1,16,0,0
A:VAL251,33,0,3,0,31,0,0
A:TRP252,3,0,0,0,3,0,0
A:SER254,32,1,31,0,1,0,0
A:GLU255,4,4,4,0,0,0,0
A:ARG256,3,0,3,0,0,0,0
A:LEU257,7,0,7,0,0,0,0
A:GLU258,11,0,11,0,0,0,0
A:GLU259,16,0,16,0,0,0,0
A:LEU261,1,0,0,0,1,0,0
A:ILE262,82,0,11,0,76,0,0
A:ILE263,10,0,0,0,10,0,0
A:SER265,80,2,79,0,0,0,1
A:GLN266,104,2,104,0,0,0,0
A:MET268,12,0,12,0,0,0,0
A:GLY269,31,2,31,0,0,0,0
A:TYR272,16,0,0,0,16,0,0
A:PRO273,4,0,3,0,1,0,0
