Number of Residues,Rank,Residue 1,Residue 2,Residue 3,Residue 4,Residue 5,Ligand Count,Ligand Percentage
5,1,A:ILE152,A:ILE156,A:TYR159,A:PHE172,A:PHE175,111,5.89%
5,2,A:SER155,A:ILE156,A:TYR159,A:PHE172,A:PHE175,99,5.25%
5,3,A:PHE82,A:ILE152,A:ILE156,A:TYR159,A:PHE175,97,5.15%
5,4,A:PHE82,A:ILE156,A:TYR159,A:PHE172,A:PHE175,96,5.09%
5,5,A:PHE82,A:ILE152,A:ILE156,A:PHE172,A:PHE175,92,4.88%
4,1,A:ILE156,A:TYR159,A:PHE172,A:PHE175,,163,8.65%
4,2,A:ILE152,A:ILE156,A:TYR159,A:PHE175,,136,7.21%
4,3,A:ILE152,A:ILE156,A:PHE172,A:PHE175,,135,7.16%
4,4,A:SER155,A:TYR159,A:PHE172,A:PHE175,,132,7.00%
4,5,A:SER155,A:ILE156,A:TYR159,A:PHE172,,127,6.74%
3,1,A:SER155,A:TYR159,A:PHE172,,,286,15.17%
3,2,A:ALA77,A:TYR159,A:PHE172,,,224,11.88%
3,3,A:TYR159,A:PHE172,A:PHE175,,,222,11.78%
3,4,A:ILE156,A:TYR159,A:PHE172,,,216,11.46%
3,5,A:ILE156,A:TYR159,A:PHE175,,,212,11.25%
2,1,A:TYR159,A:PHE172,,,,503,26.68%
2,2,A:SER155,A:TYR159,,,,423,22.44%
2,3,A:SER155,A:PHE172,,,,387,20.53%
2,4,A:ALA77,A:TYR159,,,,306,16.23%
2,5,A:ILE156,A:TYR159,,,,305,16.18%
